RowId,YearStart,YearEnd,LocationAbbr,LocationDesc,Class,Topic,Question,Low_Confidence_Limit,High_Confidence_Limit,Data_Value_Type,Data_Value,Age,Gender,Ethnicity,Geolocation
BRFSS~2021~2021~9004~Q43~TOC11~AGE~RACE,2021,2021,WEST,West,Overall Health,Arthritis among older adults,Percentage of older adults ever told they have arthritis,28.8,34.4,Percentage,31.6,,,Hispanic,
BRFSS~2017~2017~9001~Q43~TOC11~AGE~OVERALL,2017,2017,NRE,Northeast,Overall Health,Arthritis among older adults,Percentage of older adults ever told they have arthritis,49.1,51.6,Percentage,50.3,65 years or older,,,
BRFSS~2019~2019~9002~Q02~TNC02~AGE~OVERALL,2019,2019,MDW,Midwest,Nutrition/Physical Activity/Obesity,Eating 3 or more vegetables daily,Percentage of older adults who are eating 3 or more vegetables daily,13.8,14.8,Percentage,14.3,,,,
BRFSS~2020~2020~59~Q43~TOC11~AGE~GENDER,2020,2020,US,"United States, DC & Territories",Overall Health,Arthritis among older adults,Percentage of older adults ever told they have arthritis,54.5,56.4,Percentage,55.5,65 years or older,Female,,
BRFSS~2020~2020~33~Q03~TMC01~AGE~GENDER,2020,2020,NH,New Hampshire,Mental Health,Frequent mental distress,Percentage of older adults who are experiencing frequent mental distress,12.8,18,Percentage,15.2,50-64 years,Female,,POINT (-71.50036091999965 43.65595011300047)
BRFSS~2015~2015~9002~Q43~TOC11~AGE~RACE,2015,2015,MDW,Midwest,Overall Health,Arthritis among older adults,Percentage of older adults ever told they have arthritis,48.4,70.2,Percentage,59.8,65 years or older,,Native Am/Alaskan Native,
BRFSS~2020~2020~59~Q35~TOC03~AGE~GENDER,2020,2020,US,"United States, DC & Territories",Overall Health,Recent activity limitations in past month,Mean number of days with activity limitations in the past month,5.8,6.5,Mean,6.2,65 years or older,Male,,
BRFSS~2021~2021~9001~Q18~TSC08~AGE~OVERALL,2021,2021,NRE,Northeast,Screenings and Vaccines,Influenza vaccine within past year,Percentage of older adults who reported influenza vaccine within the past year,60.2,61.8,Percentage,61,,,,
BRFSS~2021~2021~17~Q08~TOC01~AGE~GENDER,2021,2021,IL,Illinois,Overall Health,Physically unhealthy days (mean number of days),Physically unhealthy days (mean number of days in past month),2.6,4.6,Mean,3.6,50-64 years,Male,,POINT (-88.99771017799969 40.48501028300046)
BRFSS~2020~2020~50~Q34~TOC09~AGE~OVERALL,2020,2020,VT,Vermont,Overall Health,Prevalence of sufficient sleep,Percentage of older adults getting sufficient sleep (>6 hours),66.4,71.6,Percentage,69.1,50-64 years,,,POINT (-72.51764079099962 43.62538123900049)
BRFSS~2016~2016~09~Q35~TOC03~AGE~OVERALL,2016,2016,CT,Connecticut,Overall Health,Recent activity limitations in past month,Mean number of days with activity limitations in the past month,5.6,6.8,Mean,6.2,50-64 years,,,POINT (-72.64984095199964 41.56266102000046)
BRFSS~2021~2021~49~Q43~TOC11~AGE~GENDER,2021,2021,UT,Utah,Overall Health,Arthritis among older adults,Percentage of older adults ever told they have arthritis,32.3,39,Percentage,35.6,50-64 years,Female,,POINT (-111.58713063499971 39.360700171000474)
BRFSS~2020~2020~32~Q43~TOC11~AGE~OVERALL,2020,2020,NV,Nevada,Overall Health,Arthritis among older adults,Percentage of older adults ever told they have arthritis,28.7,39.4,Percentage,33.9,50-64 years,,,POINT (-117.07184056399967 39.493240390000494)
BRFSS~2020~2020~50~Q27~TMC03~AGE~OVERALL,2020,2020,VT,Vermont,Mental Health,Lifetime diagnosis of depression,Percentage of older adults with a lifetime diagnosis of depression,18.4,21.5,Percentage,19.9,,,,POINT (-72.51764079099962 43.62538123900049)
BRFSS~2021~2021~06~Q43~TOC11~AGE~OVERALL,2021,2021,CA,California,Overall Health,Arthritis among older adults,Percentage of older adults ever told they have arthritis,33.8,38.4,Percentage,36.1,,,,POINT (-120.99999953799971 37.63864012300047)
BRFSS~2021~2021~18~Q03~TMC01~AGE~GENDER,2021,2021,IN,Indiana,Mental Health,Frequent mental distress,Percentage of older adults who are experiencing frequent mental distress,7,10.2,Percentage,8.5,65 years or older,Female,,POINT (-86.14996019399968 39.766910452000445)
BRFSS~2020~2020~9003~Q27~TMC03~AGE~RACE,2020,2020,SOU,South,Mental Health,Lifetime diagnosis of depression,Percentage of older adults with a lifetime diagnosis of depression,8.6,22.2,Percentage,14.1,50-64 years,,Asian/Pacific Islander,
BRFSS~2020~2020~72~Q43~TOC11~AGE~GENDER,2020,2020,PR,Puerto Rico,Overall Health,Arthritis among older adults,Percentage of older adults ever told they have arthritis,26.4,42.1,Percentage,33.8,65 years or older,Male,,POINT (-66.590149 18.220833)
BRFSS~2017~2017~16~Q43~TOC11~AGE~OVERALL,2017,2017,ID,Idaho,Overall Health,Arthritis among older adults,Percentage of older adults ever told they have arthritis,39.7,44.3,Percentage,42,,,,POINT (-114.3637300419997 43.682630005000476)
BRFSS~2021~2021~53~Q43~TOC11~AGE~RACE,2021,2021,WA,Washington,Overall Health,Arthritis among older adults,Percentage of older adults ever told they have arthritis,22.8,33.8,Percentage,28,,,Hispanic,POINT (-120.47001078999972 47.52227862900048)
BRFSS~2020~2020~39~Q43~TOC11~AGE~GENDER,2020,2020,OH,Ohio,Overall Health,Arthritis among older adults,Percentage of older adults ever told they have arthritis,37.8,43.5,Percentage,40.6,50-64 years,Female,,POINT (-82.40426005599966 40.06021014100048)
BRFSS~2020~2020~56~Q43~TOC11~AGE~RACE,2020,2020,WY,Wyoming,Overall Health,Arthritis among older adults,Percentage of older adults ever told they have arthritis,26.2,56.1,Percentage,40.3,50-64 years,,Hispanic,POINT (-108.10983035299967 43.23554134300048)
BRFSS~2015~2015~66~Q43~TOC11~AGE~GENDER,2015,2015,GU,Guam,Overall Health,Arthritis among older adults,Percentage of older adults ever told they have arthritis,20.5,37.8,Percentage,28.4,50-64 years,Female,,POINT (144.793731 13.444304)
BRFSS~2015~2015~9002~Q43~TOC11~AGE~RACE,2015,2015,MDW,Midwest,Overall Health,Arthritis among older adults,Percentage of older adults ever told they have arthritis,41.2,47,Percentage,44.1,,,"Black, non-Hispanic",
BRFSS~2016~2016~12~Q27~TMC03~AGE~OVERALL,2016,2016,FL,Florida,Mental Health,Lifetime diagnosis of depression,Percentage of older adults with a lifetime diagnosis of depression,16.2,19.4,Percentage,17.7,50-64 years,,,POINT (-81.92896053899966 28.932040377000476)
BRFSS~2015~2015~16~Q27~TMC03~AGE~GENDER,2015,2015,ID,Idaho,Mental Health,Lifetime diagnosis of depression,Percentage of older adults with a lifetime diagnosis of depression,12.7,19.9,Percentage,16,50-64 years,Male,,POINT (-114.3637300419997 43.682630005000476)
BRFSS~2015~2015~18~Q43~TOC11~AGE~OVERALL,2015,2015,IN,Indiana,Overall Health,Arthritis among older adults,Percentage of older adults ever told they have arthritis,43.7,47.8,Percentage,45.7,,,,POINT (-86.14996019399968 39.766910452000445)
BRFSS~2019~2019~23~Q27~TMC03~AGE~GENDER,2019,2019,ME,Maine,Mental Health,Lifetime diagnosis of depression,Percentage of older adults with a lifetime diagnosis of depression,27.3,33.1,Percentage,30.1,50-64 years,Female,,POINT (-68.98503133599962 45.254228894000505)
BRFSS~2021~2021~10~Q03~TMC01~AGE~GENDER,2021,2021,DE,Delaware,Mental Health,Frequent mental distress,Percentage of older adults who are experiencing frequent mental distress,10.3,14.8,Percentage,12.4,,Female,,POINT (-75.57774116799965 39.008830667000495)
BRFSS~2019~2019~26~Q27~TMC03~AGE~GENDER,2019,2019,MI,Michigan,Mental Health,Lifetime diagnosis of depression,Percentage of older adults with a lifetime diagnosis of depression,12.9,18.2,Percentage,15.4,50-64 years,Male,,POINT (-84.71439026999968 44.6613195430005)
BRFSS~2020~2020~08~Q03~TMC01~AGE~OVERALL,2020,2020,CO,Colorado,Mental Health,Frequent mental distress,Percentage of older adults who are experiencing frequent mental distress,10.1,12.8,Percentage,11.3,50-64 years,,,POINT (-106.13361092099967 38.843840757000464)
BRFSS~2017~2017~9002~Q03~TMC01~AGE~RACE,2017,2017,MDW,Midwest,Mental Health,Frequent mental distress,Percentage of older adults who are experiencing frequent mental distress,12.6,26,Percentage,18.3,50-64 years,,Native Am/Alaskan Native,
BRFSS~2021~2021~9004~Q35~TOC03~AGE~RACE,2021,2021,WEST,West,Overall Health,Recent activity limitations in past month,Mean number of days with activity limitations in the past month,5.3,6.3,Mean,5.8,50-64 years,,"White, non-Hispanic",
BRFSS~2021~2021~66~Q43~TOC11~AGE~GENDER,2021,2021,GU,Guam,Overall Health,Arthritis among older adults,Percentage of older adults ever told they have arthritis,15.3,37.6,Percentage,24.8,50-64 years,Female,,POINT (144.793731 13.444304)
BRFSS~2020~2020~9004~Q08~TOC01~AGE~GENDER,2020,2020,WEST,West,Overall Health,Physically unhealthy days (mean number of days),Physically unhealthy days (mean number of days in past month),3.8,4.9,Mean,4.3,50-64 years,Female,,
BRFSS~2017~2017~66~Q43~TOC11~AGE~RACE,2017,2017,GU,Guam,Overall Health,Arthritis among older adults,Percentage of older adults ever told they have arthritis,23.7,34.8,Percentage,28.9,,,Asian/Pacific Islander,POINT (144.793731 13.444304)
BRFSS~2020~2020~9004~Q03~TMC01~AGE~RACE,2020,2020,WEST,West,Mental Health,Frequent mental distress,Percentage of older adults who are experiencing frequent mental distress,7,9.5,Percentage,8.2,65 years or older,,"White, non-Hispanic",
BRFSS~2020~2020~29~Q34~TOC09~AGE~GENDER,2020,2020,MO,Missouri,Overall Health,Prevalence of sufficient sleep,Percentage of older adults getting sufficient sleep (>6 hours),70.8,76.3,Percentage,73.6,65 years or older,Female,,POINT (-92.56630005299968 38.635790776000476)
BRFSS~2016~2016~20~Q34~TOC09~AGE~GENDER,2016,2016,KS,Kansas,Overall Health,Prevalence of sufficient sleep,Percentage of older adults getting sufficient sleep (>6 hours),65.3,70.2,Percentage,67.8,50-64 years,Female,,POINT (-98.20078122699965 38.34774030000045)
BRFSS~2019~2019~24~Q01~TNC01~AGE~OVERALL,2019,2019,MD,Maryland,Nutrition/Physical Activity/Obesity,Eating 2 or more fruits daily,Percentage of older adults who are eating 2 or more fruits daily,36,40.1,Percentage,38,50-64 years,,,POINT (-76.60926011099963 39.29058096400047)
BRFSS~2020~2020~55~Q43~TOC11~AGE~OVERALL,2020,2020,WI,Wisconsin,Overall Health,Arthritis among older adults,Percentage of older adults ever told they have arthritis,30.2,36.8,Percentage,33.4,50-64 years,,,POINT (-89.81637074199966 44.39319117400049)
BRFSS~2020~2020~9004~Q13~TNC04~AGE~GENDER,2020,2020,WEST,West,Nutrition/Physical Activity/Obesity,Obesity,"Percentage of older adults who are currently obese, with a body mass index (BMI) of 30 or more",31.3,37.2,Percentage,34.2,50-64 years,Male,,
BRFSS~2020~2020~12~Q27~TMC03~AGE~OVERALL,2020,2020,FL,Florida,Mental Health,Lifetime diagnosis of depression,Percentage of older adults with a lifetime diagnosis of depression,11,14.3,Percentage,12.6,65 years or older,,,POINT (-81.92896053899966 28.932040377000476)
BRFSS~2015~2015~19~Q43~TOC11~AGE~OVERALL,2015,2015,IA,Iowa,Overall Health,Arthritis among older adults,Percentage of older adults ever told they have arthritis,49.7,54.8,Percentage,52.3,65 years or older,,,POINT (-93.81649055599968 42.46940091300047)
BRFSS~2019~2019~19~Q03~TMC01~AGE~OVERALL,2019,2019,IA,Iowa,Mental Health,Frequent mental distress,Percentage of older adults who are experiencing frequent mental distress,10,12.8,Percentage,11.3,50-64 years,,,POINT (-93.81649055599968 42.46940091300047)
BRFSS~2015~2015~08~Q43~TOC11~AGE~GENDER,2015,2015,CO,Colorado,Overall Health,Arthritis among older adults,Percentage of older adults ever told they have arthritis,26.3,32.1,Percentage,29.1,50-64 years,Male,,POINT (-106.13361092099967 38.843840757000464)
BRFSS~2020~2020~48~Q34~TOC09~AGE~GENDER,2020,2020,TX,Texas,Overall Health,Prevalence of sufficient sleep,Percentage of older adults getting sufficient sleep (>6 hours),61.4,70.8,Percentage,66.2,50-64 years,Male,,POINT (-99.42677020599967 31.827240407000488)
BRFSS~2020~2020~20~Q27~TMC03~AGE~GENDER,2020,2020,KS,Kansas,Mental Health,Lifetime diagnosis of depression,Percentage of older adults with a lifetime diagnosis of depression,9.6,12.6,Percentage,11,,Male,,POINT (-98.20078122699965 38.34774030000045)
BRFSS~2018~2018~10~Q27~TMC03~AGE~OVERALL,2018,2018,DE,Delaware,Mental Health,Lifetime diagnosis of depression,Percentage of older adults with a lifetime diagnosis of depression,16.2,21.1,Percentage,18.5,50-64 years,,,POINT (-75.57774116799965 39.008830667000495)
BRFSS~2021~2021~51~Q03~TMC01~AGE~OVERALL,2021,2021,VA,Virginia,Mental Health,Frequent mental distress,Percentage of older adults who are experiencing frequent mental distress,9.5,11.9,Percentage,10.7,,,,POINT (-78.45789046299967 37.54268067400045)
BRFSS~2020~2020~20~Q03~TMC01~AGE~GENDER,2020,2020,KS,Kansas,Mental Health,Frequent mental distress,Percentage of older adults who are experiencing frequent mental distress,6.7,9.4,Percentage,7.9,,Male,,POINT (-98.20078122699965 38.34774030000045)
BRFSS~2020~2020~9002~Q35~TOC03~AGE~GENDER,2020,2020,MDW,Midwest,Overall Health,Recent activity limitations in past month,Mean number of days with activity limitations in the past month,5.9,7.1,Mean,6.5,50-64 years,Male,,
BRFSS~2020~2020~19~Q34~TOC09~AGE~GENDER,2020,2020,IA,Iowa,Overall Health,Prevalence of sufficient sleep,Percentage of older adults getting sufficient sleep (>6 hours),74.2,79.1,Percentage,76.8,65 years or older,Female,,POINT (-93.81649055599968 42.46940091300047)
BRFSS~2019~2019~66~Q27~TMC03~AGE~GENDER,2019,2019,GU,Guam,Mental Health,Lifetime diagnosis of depression,Percentage of older adults with a lifetime diagnosis of depression,6.7,17.7,Percentage,11,50-64 years,Female,,POINT (144.793731 13.444304)
BRFSS~2020~2020~28~Q43~TOC11~AGE~OVERALL,2020,2020,MS,Mississippi,Overall Health,Arthritis among older adults,Percentage of older adults ever told they have arthritis,52.5,57.5,Percentage,55,65 years or older,,,POINT (-89.53803082499968 32.745510099000455)
BRFSS~2016~2016~19~Q34~TOC09~AGE~OVERALL,2016,2016,IA,Iowa,Overall Health,Prevalence of sufficient sleep,Percentage of older adults getting sufficient sleep (>6 hours),78.4,82,Percentage,80.2,65 years or older,,,POINT (-93.81649055599968 42.46940091300047)
BRFSS~2015~2015~21~Q43~TOC11~AGE~OVERALL,2015,2015,KY,Kentucky,Overall Health,Arthritis among older adults,Percentage of older adults ever told they have arthritis,48.3,52.4,Percentage,50.4,,,,POINT (-84.77497104799966 37.645970271000465)
BRFSS~2015~2015~22~Q03~TMC01~AGE~GENDER,2015,2015,LA,Louisiana,Mental Health,Frequent mental distress,Percentage of older adults who are experiencing frequent mental distress,10.1,17.5,Percentage,13.4,50-64 years,Male,,POINT (-92.44568007099969 31.31266064400046)
BRFSS~2021~2021~50~Q43~TOC11~AGE~RACE,2021,2021,VT,Vermont,Overall Health,Arthritis among older adults,Percentage of older adults ever told they have arthritis,43.6,47.8,Percentage,45.7,,,"White, non-Hispanic",POINT (-72.51764079099962 43.62538123900049)
BRFSS~2021~2021~9001~Q18~TSC08~AGE~GENDER,2021,2021,NRE,Northeast,Screenings and Vaccines,Influenza vaccine within past year,Percentage of older adults who reported influenza vaccine within the past year,49.2,52.5,Percentage,50.9,50-64 years,Male,,
BRFSS~2020~2020~9001~Q43~TOC11~AGE~RACE,2020,2020,NRE,Northeast,Overall Health,Arthritis among older adults,Percentage of older adults ever told they have arthritis,30.5,32.9,Percentage,31.7,50-64 years,,"White, non-Hispanic",
BRFSS~2021~2021~9004~Q18~TSC08~AGE~GENDER,2021,2021,WEST,West,Screenings and Vaccines,Influenza vaccine within past year,Percentage of older adults who reported influenza vaccine within the past year,49.5,54.7,Percentage,52.1,50-64 years,Female,,
BRFSS~2020~2020~9004~Q35~TOC03~AGE~OVERALL,2020,2020,WEST,West,Overall Health,Recent activity limitations in past month,Mean number of days with activity limitations in the past month,5.7,6.8,Mean,6.3,,,,
BRFSS~2020~2020~32~Q35~TOC03~AGE~GENDER,2020,2020,NV,Nevada,Overall Health,Recent activity limitations in past month,Mean number of days with activity limitations in the past month,4.8,8.3,Mean,6.6,,Male,,POINT (-117.07184056399967 39.493240390000494)
BRFSS~2016~2016~16~Q27~TMC03~AGE~GENDER,2016,2016,ID,Idaho,Mental Health,Lifetime diagnosis of depression,Percentage of older adults with a lifetime diagnosis of depression,7.7,11.7,Percentage,9.5,,Male,,POINT (-114.3637300419997 43.682630005000476)
BRFSS~2017~2017~02~Q27~TMC03~AGE~OVERALL,2017,2017,AK,Alaska,Mental Health,Lifetime diagnosis of depression,Percentage of older adults with a lifetime diagnosis of depression,14.9,21.8,Percentage,18.1,50-64 years,,,POINT (-147.72205903599973 64.84507995700051)
BRFSS~2021~2021~53~Q43~TOC11~AGE~OVERALL,2021,2021,WA,Washington,Overall Health,Arthritis among older adults,Percentage of older adults ever told they have arthritis,33.2,37.3,Percentage,35.2,50-64 years,,,POINT (-120.47001078999972 47.52227862900048)
BRFSS~2020~2020~34~Q43~TOC11~AGE~GENDER,2020,2020,NJ,New Jersey,Overall Health,Arthritis among older adults,Percentage of older adults ever told they have arthritis,26.9,32.3,Percentage,29.5,50-64 years,Female,,POINT (-74.27369128799967 40.13057004800049)
BRFSS~2015~2015~29~Q43~TOC11~AGE~GENDER,2015,2015,MO,Missouri,Overall Health,Arthritis among older adults,Percentage of older adults ever told they have arthritis,34.1,42,Percentage,37.9,50-64 years,Male,,POINT (-92.56630005299968 38.635790776000476)
BRFSS~2020~2020~9003~Q43~TOC11~AGE~OVERALL,2020,2020,SOU,South,Overall Health,Arthritis among older adults,Percentage of older adults ever told they have arthritis,42.3,43.8,Percentage,43.1,,,,
BRFSS~2018~2018~18~Q03~TMC01~AGE~OVERALL,2018,2018,IN,Indiana,Mental Health,Frequent mental distress,Percentage of older adults who are experiencing frequent mental distress,12.8,16.3,Percentage,14.5,50-64 years,,,POINT (-86.14996019399968 39.766910452000445)
BRFSS~2020~2020~56~Q27~TMC03~AGE~GENDER,2020,2020,WY,Wyoming,Mental Health,Lifetime diagnosis of depression,Percentage of older adults with a lifetime diagnosis of depression,7.2,13.5,Percentage,9.9,50-64 years,Male,,POINT (-108.10983035299967 43.23554134300048)
BRFSS~2020~2020~48~Q35~TOC03~AGE~GENDER,2020,2020,TX,Texas,Overall Health,Recent activity limitations in past month,Mean number of days with activity limitations in the past month,5.2,8.6,Mean,6.9,50-64 years,Male,,POINT (-99.42677020599967 31.827240407000488)
BRFSS~2019~2019~04~Q03~TMC01~AGE~OVERALL,2019,2019,AZ,Arizona,Mental Health,Frequent mental distress,Percentage of older adults who are experiencing frequent mental distress,9.5,12.1,Percentage,10.7,,,,POINT (-111.76381127699972 34.865970280000454)
BRFSS~2021~2021~9001~Q35~TOC03~AGE~GENDER,2021,2021,NRE,Northeast,Overall Health,Recent activity limitations in past month,Mean number of days with activity limitations in the past month,5.9,6.6,Mean,6.3,,Male,,
BRFSS~2020~2020~9003~Q27~TMC03~AGE~OVERALL,2020,2020,SOU,South,Mental Health,Lifetime diagnosis of depression,Percentage of older adults with a lifetime diagnosis of depression,14.3,15.7,Percentage,15,65 years or older,,,
BRFSS~2020~2020~53~Q34~TOC09~AGE~GENDER,2020,2020,WA,Washington,Overall Health,Prevalence of sufficient sleep,Percentage of older adults getting sufficient sleep (>6 hours),71.5,75.1,Percentage,73.3,,Female,,POINT (-120.47001078999972 47.52227862900048)
BRFSS~2015~2015~66~Q43~TOC11~AGE~OVERALL,2015,2015,GU,Guam,Overall Health,Arthritis among older adults,Percentage of older adults ever told they have arthritis,31.8,50.7,Percentage,40.9,65 years or older,,,POINT (144.793731 13.444304)
BRFSS~2020~2020~9004~Q34~TOC09~AGE~OVERALL,2020,2020,WEST,West,Overall Health,Prevalence of sufficient sleep,Percentage of older adults getting sufficient sleep (>6 hours),65.2,69.4,Percentage,67.3,50-64 years,,,
BRFSS~2019~2019~66~Q35~TOC03~AGE~OVERALL,2019,2019,GU,Guam,Overall Health,Recent activity limitations in past month,Mean number of days with activity limitations in the past month,5,9.4,Mean,7.2,,,,POINT (144.793731 13.444304)
BRFSS~2021~2021~9004~Q27~TMC03~AGE~GENDER,2021,2021,WEST,West,Mental Health,Lifetime diagnosis of depression,Percentage of older adults with a lifetime diagnosis of depression,21.1,24.9,Percentage,23,50-64 years,Female,,
BRFSS~2017~2017~17~Q43~TOC11~AGE~GENDER,2017,2017,IL,Illinois,Overall Health,Arthritis among older adults,Percentage of older adults ever told they have arthritis,33.4,39.7,Percentage,36.5,,Male,,POINT (-88.99771017799969 40.48501028300046)
BRFSS~2018~2018~04~Q34~TOC09~AGE~GENDER,2018,2018,AZ,Arizona,Overall Health,Prevalence of sufficient sleep,Percentage of older adults getting sufficient sleep (>6 hours),68.9,74.5,Percentage,71.8,,Female,,POINT (-111.76381127699972 34.865970280000454)
BRFSS~2020~2020~44~Q35~TOC03~AGE~OVERALL,2020,2020,RI,Rhode Island,Overall Health,Recent activity limitations in past month,Mean number of days with activity limitations in the past month,5.3,6.8,Mean,6.1,,,,POINT (-71.52247031399963 41.70828019300046)
BRFSS~2020~2020~9004~Q35~TOC03~AGE~GENDER,2020,2020,WEST,West,Overall Health,Recent activity limitations in past month,Mean number of days with activity limitations in the past month,5.3,7.3,Mean,6.3,50-64 years,Male,,
BRFSS~2019~2019~01~Q43~TOC11~AGE~OVERALL,2019,2019,AL,Alabama,Overall Health,Arthritis among older adults,Percentage of older adults ever told they have arthritis,43.4,48.8,Percentage,46.1,50-64 years,,,POINT (-86.63186076199969 32.84057112200048)
BRFSS~2019~2019~18~Q43~TOC11~AGE~RACE,2019,2019,IN,Indiana,Overall Health,Arthritis among older adults,Percentage of older adults ever told they have arthritis,41,60.9,Percentage,51,65 years or older,,"Black, non-Hispanic",POINT (-86.14996019399968 39.766910452000445)
BRFSS~2020~2020~59~Q34~TOC09~AGE~GENDER,2020,2020,US,"United States, DC & Territories",Overall Health,Prevalence of sufficient sleep,Percentage of older adults getting sufficient sleep (>6 hours),64.4,66.4,Percentage,65.4,50-64 years,Male,,
BRFSS~2017~2017~16~Q35~TOC03~AGE~GENDER,2017,2017,ID,Idaho,Overall Health,Recent activity limitations in past month,Mean number of days with activity limitations in the past month,5.6,7.7,Mean,6.7,,Male,,POINT (-114.3637300419997 43.682630005000476)
BRFSS~2020~2020~19~Q34~TOC09~AGE~GENDER,2020,2020,IA,Iowa,Overall Health,Prevalence of sufficient sleep,Percentage of older adults getting sufficient sleep (>6 hours),67.2,73.1,Percentage,70.2,50-64 years,Female,,POINT (-93.81649055599968 42.46940091300047)
BRFSS~2021~2021~21~Q43~TOC11~AGE~GENDER,2021,2021,KY,Kentucky,Overall Health,Arthritis among older adults,Percentage of older adults ever told they have arthritis,38.2,45,Percentage,41.6,,Male,,POINT (-84.77497104799966 37.645970271000465)
BRFSS~2016~2016~23~Q08~TOC01~AGE~OVERALL,2016,2016,ME,Maine,Overall Health,Physically unhealthy days (mean number of days),Physically unhealthy days (mean number of days in past month),4.4,5.3,Mean,4.9,65 years or older,,,POINT (-68.98503133599962 45.254228894000505)
BRFSS~2016~2016~27~Q03~TMC01~AGE~OVERALL,2016,2016,MN,Minnesota,Mental Health,Frequent mental distress,Percentage of older adults who are experiencing frequent mental distress,6.4,7.6,Percentage,7,,,,POINT (-94.79420050299967 46.35564873600049)
BRFSS~2021~2021~56~Q27~TMC03~AGE~GENDER,2021,2021,WY,Wyoming,Mental Health,Lifetime diagnosis of depression,Percentage of older adults with a lifetime diagnosis of depression,7.3,13.5,Percentage,10,65 years or older,Male,,POINT (-108.10983035299967 43.23554134300048)
BRFSS~2020~2020~9003~Q43~TOC11~AGE~RACE,2020,2020,SOU,South,Overall Health,Arthritis among older adults,Percentage of older adults ever told they have arthritis,36.5,49.3,Percentage,42.8,65 years or older,,Hispanic,
BRFSS~2020~2020~9004~Q08~TOC01~AGE~GENDER,2020,2020,WEST,West,Overall Health,Physically unhealthy days (mean number of days),Physically unhealthy days (mean number of days in past month),3.5,4.8,Mean,4.1,65 years or older,Male,,
BRFSS~2017~2017~16~Q43~TOC11~AGE~GENDER,2017,2017,ID,Idaho,Overall Health,Arthritis among older adults,Percentage of older adults ever told they have arthritis,43.8,50.2,Percentage,47,,Female,,POINT (-114.3637300419997 43.682630005000476)
BRFSS~2020~2020~9001~Q43~TOC11~AGE~RACE,2020,2020,NRE,Northeast,Overall Health,Arthritis among older adults,Percentage of older adults ever told they have arthritis,33.4,39.7,Percentage,36.5,,,Hispanic,
BRFSS~2020~2020~9001~Q21~TAC03~AGE~OVERALL,2020,2020,NRE,Northeast,Smoking and Alcohol Use,Binge drinking within past 30 days,Percentage of older adults who reported binge drinking within the past 30 days,12.7,14.4,Percentage,13.5,50-64 years,,,
BRFSS~2020~2020~48~Q27~TMC03~AGE~GENDER,2020,2020,TX,Texas,Mental Health,Lifetime diagnosis of depression,Percentage of older adults with a lifetime diagnosis of depression,18.3,24,Percentage,21,,Female,,POINT (-99.42677020599967 31.827240407000488)
BRFSS~2020~2020~53~Q43~TOC11~AGE~OVERALL,2020,2020,WA,Washington,Overall Health,Arthritis among older adults,Percentage of older adults ever told they have arthritis,31.6,35.6,Percentage,33.6,50-64 years,,,POINT (-120.47001078999972 47.52227862900048)
BRFSS~2020~2020~29~Q34~TOC09~AGE~GENDER,2020,2020,MO,Missouri,Overall Health,Prevalence of sufficient sleep,Percentage of older adults getting sufficient sleep (>6 hours),70.5,75.2,Percentage,72.9,,Male,,POINT (-92.56630005299968 38.635790776000476)
BRFSS~2020~2020~9003~Q05~TOC06~AGE~RACE,2020,2020,SOU,South,Overall Health,Fall with injury within last year,Percentage of older adults who have fallen and sustained an injury within last year,5.4,10.2,Percentage,7.4,50-64 years,,Hispanic,
BRFSS~2016~2021~9002~Q39~TGC04~AGE~RACE,2016,2021,MDW,Midwest,Caregiving,Intensity of caregiving among older adults,Average of 20 or more hours of care per week provided to a friend or family member,21.1,60.8,Percentage,39.2,,,Hispanic,
BRFSS~2021~2021~45~Q27~TMC03~AGE~OVERALL,2021,2021,SC,South Carolina,Mental Health,Lifetime diagnosis of depression,Percentage of older adults with a lifetime diagnosis of depression,13.2,16.1,Percentage,14.6,65 years or older,,,POINT (-81.04537120699968 33.998821303000454)
BRFSS~2016~2016~12~Q34~TOC09~AGE~OVERALL,2016,2016,FL,Florida,Overall Health,Prevalence of sufficient sleep,Percentage of older adults getting sufficient sleep (>6 hours),61.7,65.7,Percentage,63.7,50-64 years,,,POINT (-81.92896053899966 28.932040377000476)
BRFSS~2021~2021~9004~Q02~TNC02~AGE~GENDER,2021,2021,WEST,West,Nutrition/Physical Activity/Obesity,Eating 3 or more vegetables daily,Percentage of older adults who are eating 3 or more vegetables daily,10.3,14.2,Percentage,12.1,65 years or older,Male,,
BRFSS~2019~2019~9002~Q08~TOC01~AGE~RACE,2019,2019,MDW,Midwest,Overall Health,Physically unhealthy days (mean number of days),Physically unhealthy days (mean number of days in past month),8.3,13.2,Mean,10.8,,,Native Am/Alaskan Native,
BRFSS~2020~2020~27~Q43~TOC11~AGE~OVERALL,2020,2020,MN,Minnesota,Overall Health,Arthritis among older adults,Percentage of older adults ever told they have arthritis,26.9,30,Percentage,28.4,50-64 years,,,POINT (-94.79420050299967 46.35564873600049)
BRFSS~2019~2019~20~Q03~TMC01~AGE~GENDER,2019,2019,KS,Kansas,Mental Health,Frequent mental distress,Percentage of older adults who are experiencing frequent mental distress,5.8,8.1,Percentage,6.9,,Male,,POINT (-98.20078122699965 38.34774030000045)
BRFSS~2017~2017~06~Q03~TMC01~AGE~GENDER,2017,2017,CA,California,Mental Health,Frequent mental distress,Percentage of older adults who are experiencing frequent mental distress,4.9,9,Percentage,6.7,65 years or older,Male,,POINT (-120.99999953799971 37.63864012300047)
BRFSS~2017~2017~04~Q35~TOC03~AGE~OVERALL,2017,2017,AZ,Arizona,Overall Health,Recent activity limitations in past month,Mean number of days with activity limitations in the past month,6.6,7.4,Mean,7,,,,POINT (-111.76381127699972 34.865970280000454)
BRFSS~2020~2020~17~Q03~TMC01~AGE~GENDER,2020,2020,IL,Illinois,Mental Health,Frequent mental distress,Percentage of older adults who are experiencing frequent mental distress,5.9,11.2,Percentage,8.1,,Male,,POINT (-88.99771017799969 40.48501028300046)
BRFSS~2016~2016~12~Q03~TMC01~AGE~GENDER,2016,2016,FL,Florida,Mental Health,Frequent mental distress,Percentage of older adults who are experiencing frequent mental distress,9.5,13.2,Percentage,11.2,50-64 years,Male,,POINT (-81.92896053899966 28.932040377000476)
BRFSS~2021~2021~9001~Q03~TMC01~AGE~GENDER,2021,2021,NRE,Northeast,Mental Health,Frequent mental distress,Percentage of older adults who are experiencing frequent mental distress,6.4,8.4,Percentage,7.3,65 years or older,Male,,
BRFSS~2020~2020~04~Q43~TOC11~AGE~GENDER,2020,2020,AZ,Arizona,Overall Health,Arthritis among older adults,Percentage of older adults ever told they have arthritis,50.3,57.2,Percentage,53.8,65 years or older,Female,,POINT (-111.76381127699972 34.865970280000454)
BRFSS~2018~2018~29~Q34~TOC09~AGE~GENDER,2018,2018,MO,Missouri,Overall Health,Prevalence of sufficient sleep,Percentage of older adults getting sufficient sleep (>6 hours),68.7,74.6,Percentage,71.7,,Male,,POINT (-92.56630005299968 38.635790776000476)
BRFSS~2021~2021~9001~Q03~TMC01~AGE~GENDER,2021,2021,NRE,Northeast,Mental Health,Frequent mental distress,Percentage of older adults who are experiencing frequent mental distress,8,9.3,Percentage,8.6,,Male,,
BRFSS~2021~2021~44~Q43~TOC11~AGE~GENDER,2021,2021,RI,Rhode Island,Overall Health,Arthritis among older adults,Percentage of older adults ever told they have arthritis,48.4,57.5,Percentage,53,65 years or older,Male,,POINT (-71.52247031399963 41.70828019300046)
BRFSS~2018~2018~04~Q27~TMC03~AGE~OVERALL,2018,2018,AZ,Arizona,Mental Health,Lifetime diagnosis of depression,Percentage of older adults with a lifetime diagnosis of depression,17.3,22.7,Percentage,19.8,50-64 years,,,POINT (-111.76381127699972 34.865970280000454)
BRFSS~2020~2020~9003~Q05~TOC06~AGE~RACE,2020,2020,SOU,South,Overall Health,Fall with injury within last year,Percentage of older adults who have fallen and sustained an injury within last year,6.8,9.1,Percentage,7.9,50-64 years,,"Black, non-Hispanic",
BRFSS~2018~2018~30~Q34~TOC09~AGE~GENDER,2018,2018,MT,Montana,Overall Health,Prevalence of sufficient sleep,Percentage of older adults getting sufficient sleep (>6 hours),69.9,75.8,Percentage,72.9,,Male,,POINT (-109.42442064499971 47.06652897200047)
BRFSS~2018~2018~20~Q34~TOC09~AGE~RACE,2018,2018,KS,Kansas,Overall Health,Prevalence of sufficient sleep,Percentage of older adults getting sufficient sleep (>6 hours),59.6,79.2,Percentage,70.4,50-64 years,,Hispanic,POINT (-98.20078122699965 38.34774030000045)
BRFSS~2017~2017~28~Q03~TMC01~AGE~GENDER,2017,2017,MS,Mississippi,Mental Health,Frequent mental distress,Percentage of older adults who are experiencing frequent mental distress,7,11.5,Percentage,9,65 years or older,Female,,POINT (-89.53803082499968 32.745510099000455)
BRFSS~2021~2021~21~Q43~TOC11~AGE~OVERALL,2021,2021,KY,Kentucky,Overall Health,Arthritis among older adults,Percentage of older adults ever told they have arthritis,46.9,51.6,Percentage,49.2,,,,POINT (-84.77497104799966 37.645970271000465)
BRFSS~2019~2019~28~Q03~TMC01~AGE~GENDER,2019,2019,MS,Mississippi,Mental Health,Frequent mental distress,Percentage of older adults who are experiencing frequent mental distress,12.9,21.2,Percentage,16.7,50-64 years,Male,,POINT (-89.53803082499968 32.745510099000455)
BRFSS~2020~2020~9001~Q34~TOC09~AGE~OVERALL,2020,2020,NRE,Northeast,Overall Health,Prevalence of sufficient sleep,Percentage of older adults getting sufficient sleep (>6 hours),71.1,73.3,Percentage,72.2,65 years or older,,,
BRFSS~2020~2020~04~Q35~TOC03~AGE~GENDER,2020,2020,AZ,Arizona,Overall Health,Recent activity limitations in past month,Mean number of days with activity limitations in the past month,5.3,7,Mean,6.1,50-64 years,Female,,POINT (-111.76381127699972 34.865970280000454)
BRFSS~2020~2020~38~Q03~TMC01~AGE~GENDER,2020,2020,ND,North Dakota,Mental Health,Frequent mental distress,Percentage of older adults who are experiencing frequent mental distress,5.3,12.2,Percentage,8.1,50-64 years,Male,,POINT (-100.11842104899966 47.47531977900047)
BRFSS~2015~2015~01~Q35~TOC03~AGE~GENDER,2015,2015,AL,Alabama,Overall Health,Recent activity limitations in past month,Mean number of days with activity limitations in the past month,6.7,9.3,Mean,8,50-64 years,Male,,POINT (-86.63186076199969 32.84057112200048)
BRFSS~2021~2021~30~Q27~TMC03~AGE~GENDER,2021,2021,MT,Montana,Mental Health,Lifetime diagnosis of depression,Percentage of older adults with a lifetime diagnosis of depression,21.2,25.7,Percentage,23.3,,Female,,POINT (-109.42442064499971 47.06652897200047)
BRFSS~2020~2020~36~Q34~TOC09~AGE~GENDER,2020,2020,NY,New York,Overall Health,Prevalence of sufficient sleep,Percentage of older adults getting sufficient sleep (>6 hours),62.2,67.8,Percentage,65.1,50-64 years,Female,,POINT (-75.54397042699964 42.82700103200045)
BRFSS~2016~2016~25~Q34~TOC09~AGE~GENDER,2016,2016,MA,Massachusetts,Overall Health,Prevalence of sufficient sleep,Percentage of older adults getting sufficient sleep (>6 hours),62.2,69.8,Percentage,66.1,50-64 years,Female,,POINT (-72.08269067499964 42.27687047000046)
BRFSS~2019~2019~9002~Q45~TOC13~AGE~GENDER,2019,2019,MDW,Midwest,Overall Health,Fair or poor health among older adults with arthritis,Fair or poor health among older adults with doctor-diagnosed arthritis,35.1,39.6,Percentage,37.3,50-64 years,Male,,
BRFSS~2020~2020~49~Q35~TOC03~AGE~GENDER,2020,2020,UT,Utah,Overall Health,Recent activity limitations in past month,Mean number of days with activity limitations in the past month,5.2,6.9,Mean,6.1,50-64 years,Female,,POINT (-111.58713063499971 39.360700171000474)
BRFSS~2018~2018~27~Q27~TMC03~AGE~OVERALL,2018,2018,MN,Minnesota,Mental Health,Lifetime diagnosis of depression,Percentage of older adults with a lifetime diagnosis of depression,14.4,16.1,Percentage,15.2,,,,POINT (-94.79420050299967 46.35564873600049)
BRFSS~2021~2021~34~Q27~TMC03~AGE~OVERALL,2021,2021,NJ,New Jersey,Mental Health,Lifetime diagnosis of depression,Percentage of older adults with a lifetime diagnosis of depression,13.7,18.4,Percentage,15.9,65 years or older,,,POINT (-74.27369128799967 40.13057004800049)
BRFSS~2015~2015~30~Q43~TOC11~AGE~OVERALL,2015,2015,MT,Montana,Overall Health,Arthritis among older adults,Percentage of older adults ever told they have arthritis,47.2,52.7,Percentage,49.9,65 years or older,,,POINT (-109.42442064499971 47.06652897200047)
BRFSS~2020~2020~36~Q08~TOC01~AGE~OVERALL,2020,2020,NY,New York,Overall Health,Physically unhealthy days (mean number of days),Physically unhealthy days (mean number of days in past month),3.5,4.1,Mean,3.8,,,,POINT (-75.54397042699964 42.82700103200045)
BRFSS~2019~2019~33~Q03~TMC01~AGE~OVERALL,2019,2019,NH,New Hampshire,Mental Health,Frequent mental distress,Percentage of older adults who are experiencing frequent mental distress,8,10.3,Percentage,9.1,,,,POINT (-71.50036091999965 43.65595011300047)
BRFSS~2016~2016~24~Q34~TOC09~AGE~OVERALL,2016,2016,MD,Maryland,Overall Health,Prevalence of sufficient sleep,Percentage of older adults getting sufficient sleep (>6 hours),65.6,68.1,Percentage,66.8,,,,POINT (-76.60926011099963 39.29058096400047)
BRFSS~2020~2020~9002~Q03~TMC01~AGE~RACE,2020,2020,MDW,Midwest,Mental Health,Frequent mental distress,Percentage of older adults who are experiencing frequent mental distress,15.3,25.8,Percentage,20.1,,,Native Am/Alaskan Native,
BRFSS~2018~2018~12~Q34~TOC09~AGE~GENDER,2018,2018,FL,Florida,Overall Health,Prevalence of sufficient sleep,Percentage of older adults getting sufficient sleep (>6 hours),55.4,64.4,Percentage,60,50-64 years,Male,,POINT (-81.92896053899966 28.932040377000476)
BRFSS~2021~2021~9004~Q03~TMC01~AGE~RACE,2021,2021,WEST,West,Mental Health,Frequent mental distress,Percentage of older adults who are experiencing frequent mental distress,7.1,12.5,Percentage,9.4,65 years or older,,Hispanic,
BRFSS~2020~2020~9002~Q32~TOC07~AGE~RACE,2020,2020,MDW,Midwest,Overall Health,Self-rated health (fair to poor health),"Percentage of older adults who self-reported that their health is ""fair"" or ""poor""",14.8,16.5,Percentage,15.6,50-64 years,,"White, non-Hispanic",
BRFSS~2019~2019~9002~Q35~TOC03~AGE~GENDER,2019,2019,MDW,Midwest,Overall Health,Recent activity limitations in past month,Mean number of days with activity limitations in the past month,5.7,6.1,Mean,5.9,,Female,,
BRFSS~2021~2021~9001~Q03~TMC01~AGE~RACE,2021,2021,NRE,Northeast,Mental Health,Frequent mental distress,Percentage of older adults who are experiencing frequent mental distress,11.1,12.7,Percentage,11.8,50-64 years,,"White, non-Hispanic",
BRFSS~2020~2020~31~Q43~TOC11~AGE~OVERALL,2020,2020,NE,Nebraska,Overall Health,Arthritis among older adults,Percentage of older adults ever told they have arthritis,29.3,33.5,Percentage,31.3,50-64 years,,,POINT (-99.36572062299967 41.6410409880005)
BRFSS~2020~2020~9002~Q27~TMC03~AGE~RACE,2020,2020,MDW,Midwest,Mental Health,Lifetime diagnosis of depression,Percentage of older adults with a lifetime diagnosis of depression,14.3,29.7,Percentage,21,50-64 years,,Hispanic,
BRFSS~2020~2020~02~Q03~TMC01~AGE~OVERALL,2020,2020,AK,Alaska,Mental Health,Frequent mental distress,Percentage of older adults who are experiencing frequent mental distress,8,13.3,Percentage,10.3,50-64 years,,,POINT (-147.72205903599973 64.84507995700051)
BRFSS~2020~2020~9002~Q43~TOC11~AGE~RACE,2020,2020,MDW,Midwest,Overall Health,Arthritis among older adults,Percentage of older adults ever told they have arthritis,42.1,48.4,Percentage,45.3,,,"Black, non-Hispanic",
BRFSS~2021~2021~30~Q03~TMC01~AGE~OVERALL,2021,2021,MT,Montana,Mental Health,Frequent mental distress,Percentage of older adults who are experiencing frequent mental distress,10.2,14.1,Percentage,12,50-64 years,,,POINT (-109.42442064499971 47.06652897200047)
BRFSS~2021~2021~35~Q43~TOC11~AGE~GENDER,2021,2021,NM,New Mexico,Overall Health,Arthritis among older adults,Percentage of older adults ever told they have arthritis,34.9,43.5,Percentage,39.1,50-64 years,Female,,POINT (-106.24058098499967 34.52088095200048)
BRFSS~2020~2020~9001~Q05~TOC06~AGE~GENDER,2020,2020,NRE,Northeast,Overall Health,Fall with injury within last year,Percentage of older adults who have fallen and sustained an injury within last year,6.5,8,Percentage,7.2,,Male,,
BRFSS~2020~2020~9002~Q43~TOC11~AGE~OVERALL,2020,2020,MDW,Midwest,Overall Health,Arthritis among older adults,Percentage of older adults ever told they have arthritis,42.7,44.2,Percentage,43.4,,,,
BRFSS~2020~2020~39~Q27~TMC03~AGE~OVERALL,2020,2020,OH,Ohio,Mental Health,Lifetime diagnosis of depression,Percentage of older adults with a lifetime diagnosis of depression,17.4,19.6,Percentage,18.5,,,,POINT (-82.40426005599966 40.06021014100048)
BRFSS~2020~2020~36~Q34~TOC09~AGE~OVERALL,2020,2020,NY,New York,Overall Health,Prevalence of sufficient sleep,Percentage of older adults getting sufficient sleep (>6 hours),68.6,72.7,Percentage,70.7,65 years or older,,,POINT (-75.54397042699964 42.82700103200045)
BRFSS~2016~2016~21~Q35~TOC03~AGE~OVERALL,2016,2016,KY,Kentucky,Overall Health,Recent activity limitations in past month,Mean number of days with activity limitations in the past month,7.6,9.2,Mean,8.4,50-64 years,,,POINT (-84.77497104799966 37.645970271000465)
BRFSS~2020~2020~9003~Q27~TMC03~AGE~GENDER,2020,2020,SOU,South,Mental Health,Lifetime diagnosis of depression,Percentage of older adults with a lifetime diagnosis of depression,17.4,19.5,Percentage,18.4,65 years or older,Female,,
BRFSS~2021~2021~22~Q03~TMC01~AGE~GENDER,2021,2021,LA,Louisiana,Mental Health,Frequent mental distress,Percentage of older adults who are experiencing frequent mental distress,4.7,9.4,Percentage,6.7,65 years or older,Male,,POINT (-92.44568007099969 31.31266064400046)
BRFSS~2020~2020~9003~Q27~TMC03~AGE~RACE,2020,2020,SOU,South,Mental Health,Lifetime diagnosis of depression,Percentage of older adults with a lifetime diagnosis of depression,14.9,18.4,Percentage,16.6,50-64 years,,"Black, non-Hispanic",
BRFSS~2021~2021~56~Q43~TOC11~AGE~RACE,2021,2021,WY,Wyoming,Overall Health,Arthritis among older adults,Percentage of older adults ever told they have arthritis,25.2,49.1,Percentage,36.3,,,Hispanic,POINT (-108.10983035299967 43.23554134300048)
BRFSS~2020~2020~27~Q03~TMC01~AGE~OVERALL,2020,2020,MN,Minnesota,Mental Health,Frequent mental distress,Percentage of older adults who are experiencing frequent mental distress,7.3,8.7,Percentage,8,,,,POINT (-94.79420050299967 46.35564873600049)
BRFSS~2018~2018~23~Q35~TOC03~AGE~GENDER,2018,2018,ME,Maine,Overall Health,Recent activity limitations in past month,Mean number of days with activity limitations in the past month,5.8,7.3,Mean,6.6,,Male,,POINT (-68.98503133599962 45.254228894000505)
BRFSS~2020~2020~02~Q08~TOC01~AGE~GENDER,2020,2020,AK,Alaska,Overall Health,Physically unhealthy days (mean number of days),Physically unhealthy days (mean number of days in past month),2.5,3.7,Mean,3.1,,Male,,POINT (-147.72205903599973 64.84507995700051)
BRFSS~2021~2021~9002~Q43~TOC11~AGE~RACE,2021,2021,MDW,Midwest,Overall Health,Arthritis among older adults,Percentage of older adults ever told they have arthritis,35.9,37.9,Percentage,36.9,50-64 years,,"White, non-Hispanic",
BRFSS~2021~2021~9001~Q45~TOC13~AGE~GENDER,2021,2021,NRE,Northeast,Overall Health,Fair or poor health among older adults with arthritis,Fair or poor health among older adults with doctor-diagnosed arthritis,24.8,29.6,Percentage,27.2,65 years or older,Male,,
BRFSS~2021~2021~9002~Q14~TSC06~AGE~GENDER,2021,2021,MDW,Midwest,Screenings and Vaccines,Cholesterol checked in past 5 years,Percentage of older adults who had a cholesterol screening within the past 5 years,92.8,94,Percentage,93.4,,Male,,
BRFSS~2021~2021~27~Q03~TMC01~AGE~OVERALL,2021,2021,MN,Minnesota,Mental Health,Frequent mental distress,Percentage of older adults who are experiencing frequent mental distress,8.6,10.6,Percentage,9.6,50-64 years,,,POINT (-94.79420050299967 46.35564873600049)
BRFSS~2019~2019~10~Q03~TMC01~AGE~OVERALL,2019,2019,DE,Delaware,Mental Health,Frequent mental distress,Percentage of older adults who are experiencing frequent mental distress,8,10.9,Percentage,9.4,,,,POINT (-75.57774116799965 39.008830667000495)
BRFSS~2020~2020~01~Q43~TOC11~AGE~GENDER,2020,2020,AL,Alabama,Overall Health,Arthritis among older adults,Percentage of older adults ever told they have arthritis,38.8,48.9,Percentage,43.8,50-64 years,Male,,POINT (-86.63186076199969 32.84057112200048)
BRFSS~2020~2020~41~Q08~TOC01~AGE~OVERALL,2020,2020,OR,Oregon,Overall Health,Physically unhealthy days (mean number of days),Physically unhealthy days (mean number of days in past month),3.5,4.7,Mean,4.1,50-64 years,,,POINT (-120.15503132599969 44.56744942400047)
BRFSS~2021~2021~9001~Q21~TAC03~AGE~GENDER,2021,2021,NRE,Northeast,Smoking and Alcohol Use,Binge drinking within past 30 days,Percentage of older adults who reported binge drinking within the past 30 days,11.6,13.2,Percentage,12.3,,Male,,
BRFSS~2019~2019~29~Q43~TOC11~AGE~GENDER,2019,2019,MO,Missouri,Overall Health,Arthritis among older adults,Percentage of older adults ever told they have arthritis,37.6,45.5,Percentage,41.5,50-64 years,Female,,POINT (-92.56630005299968 38.635790776000476)
BRFSS~2021~2021~9004~Q18~TSC08~AGE~OVERALL,2021,2021,WEST,West,Screenings and Vaccines,Influenza vaccine within past year,Percentage of older adults who reported influenza vaccine within the past year,63.7,67.1,Percentage,65.4,65 years or older,,,
BRFSS~2016~2016~15~Q34~TOC09~AGE~GENDER,2016,2016,HI,Hawaii,Overall Health,Prevalence of sufficient sleep,Percentage of older adults getting sufficient sleep (>6 hours),51.3,56.6,Percentage,54,,Female,,POINT (-157.85774940299973 21.304850435000446)
BRFSS~2018~2018~04~Q34~TOC09~AGE~OVERALL,2018,2018,AZ,Arizona,Overall Health,Prevalence of sufficient sleep,Percentage of older adults getting sufficient sleep (>6 hours),73.2,77.9,Percentage,75.6,65 years or older,,,POINT (-111.76381127699972 34.865970280000454)
BRFSS~2015~2015~02~Q43~TOC11~AGE~RACE,2015,2015,AK,Alaska,Overall Health,Arthritis among older adults,Percentage of older adults ever told they have arthritis,24.4,46,Percentage,34.4,50-64 years,,Native Am/Alaskan Native,POINT (-147.72205903599973 64.84507995700051)
BRFSS~2016~2016~10~Q03~TMC01~AGE~OVERALL,2016,2016,DE,Delaware,Mental Health,Frequent mental distress,Percentage of older adults who are experiencing frequent mental distress,5.6,9.2,Percentage,7.2,65 years or older,,,POINT (-75.57774116799965 39.008830667000495)
BRFSS~2015~2015~06~Q35~TOC03~AGE~GENDER,2015,2015,CA,California,Overall Health,Recent activity limitations in past month,Mean number of days with activity limitations in the past month,6.1,8.4,Mean,7.2,50-64 years,Male,,POINT (-120.99999953799971 37.63864012300047)
BRFSS~2020~2020~9003~Q27~TMC03~AGE~OVERALL,2020,2020,SOU,South,Mental Health,Lifetime diagnosis of depression,Percentage of older adults with a lifetime diagnosis of depression,17.2,18.3,Percentage,17.7,,,,
BRFSS~2018~2018~22~Q08~TOC01~AGE~GENDER,2018,2018,LA,Louisiana,Overall Health,Physically unhealthy days (mean number of days),Physically unhealthy days (mean number of days in past month),4.5,6.5,Mean,5.5,50-64 years,Male,,POINT (-92.44568007099969 31.31266064400046)
BRFSS~2015~2015~13~Q43~TOC11~AGE~GENDER,2015,2015,GA,Georgia,Overall Health,Arthritis among older adults,Percentage of older adults ever told they have arthritis,28.5,37.9,Percentage,33.1,50-64 years,Male,,POINT (-83.62758034599966 32.83968109300048)
BRFSS~2020~2020~9003~Q43~TOC11~AGE~RACE,2020,2020,SOU,South,Overall Health,Arthritis among older adults,Percentage of older adults ever told they have arthritis,41.1,45,Percentage,43.1,,,"Black, non-Hispanic",
BRFSS~2017~2017~22~Q43~TOC11~AGE~OVERALL,2017,2017,LA,Louisiana,Overall Health,Arthritis among older adults,Percentage of older adults ever told they have arthritis,35.3,41.7,Percentage,38.5,50-64 years,,,POINT (-92.44568007099969 31.31266064400046)
BRFSS~2019~2019~05~Q03~TMC01~AGE~GENDER,2019,2019,AR,Arkansas,Mental Health,Frequent mental distress,Percentage of older adults who are experiencing frequent mental distress,5.4,9.6,Percentage,7.2,65 years or older,Male,,POINT (-92.27449074299966 34.74865012400045)
BRFSS~2020~2020~9001~Q34~TOC09~AGE~GENDER,2020,2020,NRE,Northeast,Overall Health,Prevalence of sufficient sleep,Percentage of older adults getting sufficient sleep (>6 hours),72,75.3,Percentage,73.7,65 years or older,Male,,
BRFSS~2020~2020~9001~Q35~TOC03~AGE~GENDER,2020,2020,NRE,Northeast,Overall Health,Recent activity limitations in past month,Mean number of days with activity limitations in the past month,5.2,6,Mean,5.6,,Male,,
BRFSS~2020~2020~19~Q43~TOC11~AGE~GENDER,2020,2020,IA,Iowa,Overall Health,Arthritis among older adults,Percentage of older adults ever told they have arthritis,33.8,39.9,Percentage,36.8,50-64 years,Female,,POINT (-93.81649055599968 42.46940091300047)
BRFSS~2019~2019~16~Q27~TMC03~AGE~GENDER,2019,2019,ID,Idaho,Mental Health,Lifetime diagnosis of depression,Percentage of older adults with a lifetime diagnosis of depression,23.8,34.4,Percentage,28.8,50-64 years,Female,,POINT (-114.3637300419997 43.682630005000476)
BRFSS~2020~2020~23~Q27~TMC03~AGE~OVERALL,2020,2020,ME,Maine,Mental Health,Lifetime diagnosis of depression,Percentage of older adults with a lifetime diagnosis of depression,21,25.3,Percentage,23.1,50-64 years,,,POINT (-68.98503133599962 45.254228894000505)
BRFSS~2020~2020~59~Q34~TOC09~AGE~RACE,2020,2020,US,"United States, DC & Territories",Overall Health,Prevalence of sufficient sleep,Percentage of older adults getting sufficient sleep (>6 hours),65.1,71.8,Percentage,68.6,65 years or older,,Hispanic,
BRFSS~2020~2020~9003~Q05~TOC06~AGE~RACE,2020,2020,SOU,South,Overall Health,Fall with injury within last year,Percentage of older adults who have fallen and sustained an injury within last year,10.3,11.8,Percentage,11,65 years or older,,"White, non-Hispanic",
BRFSS~2020~2020~16~Q43~TOC11~AGE~GENDER,2020,2020,ID,Idaho,Overall Health,Arthritis among older adults,Percentage of older adults ever told they have arthritis,23.3,32.9,Percentage,27.8,50-64 years,Male,,POINT (-114.3637300419997 43.682630005000476)
BRFSS~2020~2020~22~Q03~TMC01~AGE~OVERALL,2020,2020,LA,Louisiana,Mental Health,Frequent mental distress,Percentage of older adults who are experiencing frequent mental distress,11.9,15.2,Percentage,13.4,,,,POINT (-92.44568007099969 31.31266064400046)
BRFSS~2019~2019~9002~Q35~TOC03~AGE~GENDER,2019,2019,MDW,Midwest,Overall Health,Recent activity limitations in past month,Mean number of days with activity limitations in the past month,5.6,6.4,Mean,6,65 years or older,Male,,
BRFSS~2021~2021~54~Q43~TOC11~AGE~GENDER,2021,2021,WV,West Virginia,Overall Health,Arthritis among older adults,Percentage of older adults ever told they have arthritis,42.4,49.9,Percentage,46.1,50-64 years,Male,,POINT (-80.71264013499967 38.66551020200046)
BRFSS~2015~2015~29~Q27~TMC03~AGE~GENDER,2015,2015,MO,Missouri,Mental Health,Lifetime diagnosis of depression,Percentage of older adults with a lifetime diagnosis of depression,23.8,28.5,Percentage,26.1,,Female,,POINT (-92.56630005299968 38.635790776000476)
BRFSS~2017~2017~11~Q43~TOC11~AGE~OVERALL,2017,2017,DC,District of Columbia,Overall Health,Arthritis among older adults,Percentage of older adults ever told they have arthritis,25.4,31.6,Percentage,28.4,50-64 years,,,POINT (-77.036871 38.907192)
BRFSS~2020~2020~31~Q03~TMC01~AGE~OVERALL,2020,2020,NE,Nebraska,Mental Health,Frequent mental distress,Percentage of older adults who are experiencing frequent mental distress,7.5,9.2,Percentage,8.3,,,,POINT (-99.36572062299967 41.6410409880005)
BRFSS~2020~2020~29~Q27~TMC03~AGE~OVERALL,2020,2020,MO,Missouri,Mental Health,Lifetime diagnosis of depression,Percentage of older adults with a lifetime diagnosis of depression,21.2,25.6,Percentage,23.3,50-64 years,,,POINT (-92.56630005299968 38.635790776000476)
BRFSS~2020~2020~9004~Q27~TMC03~AGE~RACE,2020,2020,WEST,West,Mental Health,Lifetime diagnosis of depression,Percentage of older adults with a lifetime diagnosis of depression,11.7,19,Percentage,15,50-64 years,,Hispanic,
BRFSS~2018~2018~15~Q03~TMC01~AGE~OVERALL,2018,2018,HI,Hawaii,Mental Health,Frequent mental distress,Percentage of older adults who are experiencing frequent mental distress,7.2,9.3,Percentage,8.2,,,,POINT (-157.85774940299973 21.304850435000446)
BRFSS~2020~2020~02~Q43~TOC11~AGE~GENDER,2020,2020,AK,Alaska,Overall Health,Arthritis among older adults,Percentage of older adults ever told they have arthritis,39.3,48.3,Percentage,43.7,,Female,,POINT (-147.72205903599973 64.84507995700051)
BRFSS~2015~2015~66~Q35~TOC03~AGE~OVERALL,2015,2015,GU,Guam,Overall Health,Recent activity limitations in past month,Mean number of days with activity limitations in the past month,3.1,7.7,Mean,5.4,65 years or older,,,POINT (144.793731 13.444304)
BRFSS~2020~2020~9004~Q34~TOC09~AGE~RACE,2020,2020,WEST,West,Overall Health,Prevalence of sufficient sleep,Percentage of older adults getting sufficient sleep (>6 hours),47.6,74.5,Percentage,62,50-64 years,,Native Am/Alaskan Native,
BRFSS~2016~2016~15~Q27~TMC03~AGE~OVERALL,2016,2016,HI,Hawaii,Mental Health,Lifetime diagnosis of depression,Percentage of older adults with a lifetime diagnosis of depression,13.1,17,Percentage,14.9,50-64 years,,,POINT (-157.85774940299973 21.304850435000446)
BRFSS~2019~2019~66~Q03~TMC01~AGE~OVERALL,2019,2019,GU,Guam,Mental Health,Frequent mental distress,Percentage of older adults who are experiencing frequent mental distress,3.6,8.4,Percentage,5.6,65 years or older,,,POINT (144.793731 13.444304)
BRFSS~2019~2019~9002~Q43~TOC11~AGE~RACE,2019,2019,MDW,Midwest,Overall Health,Arthritis among older adults,Percentage of older adults ever told they have arthritis,42.8,63.2,Percentage,53.1,50-64 years,,Native Am/Alaskan Native,
BRFSS~2020~2020~02~Q27~TMC03~AGE~GENDER,2020,2020,AK,Alaska,Mental Health,Lifetime diagnosis of depression,Percentage of older adults with a lifetime diagnosis of depression,5.8,12.6,Percentage,8.6,50-64 years,Male,,POINT (-147.72205903599973 64.84507995700051)
BRFSS~2015~2015~19~Q03~TMC01~AGE~OVERALL,2015,2015,IA,Iowa,Mental Health,Frequent mental distress,Percentage of older adults who are experiencing frequent mental distress,7.1,10.1,Percentage,8.4,50-64 years,,,POINT (-93.81649055599968 42.46940091300047)
BRFSS~2020~2020~06~Q03~TMC01~AGE~OVERALL,2020,2020,CA,California,Mental Health,Frequent mental distress,Percentage of older adults who are experiencing frequent mental distress,9.4,13.2,Percentage,11.1,,,,POINT (-120.99999953799971 37.63864012300047)
BRFSS~2019~2019~66~Q03~TMC01~AGE~GENDER,2019,2019,GU,Guam,Mental Health,Frequent mental distress,Percentage of older adults who are experiencing frequent mental distress,3.4,10.8,Percentage,6.1,65 years or older,Male,,POINT (144.793731 13.444304)
BRFSS~2020~2020~9003~Q27~TMC03~AGE~RACE,2020,2020,SOU,South,Mental Health,Lifetime diagnosis of depression,Percentage of older adults with a lifetime diagnosis of depression,12.4,19.9,Percentage,15.8,50-64 years,,Hispanic,
BRFSS~2018~2018~08~Q34~TOC09~AGE~OVERALL,2018,2018,CO,Colorado,Overall Health,Prevalence of sufficient sleep,Percentage of older adults getting sufficient sleep (>6 hours),68,72.1,Percentage,70,50-64 years,,,POINT (-106.13361092099967 38.843840757000464)
BRFSS~2021~2021~66~Q27~TMC03~AGE~OVERALL,2021,2021,GU,Guam,Mental Health,Lifetime diagnosis of depression,Percentage of older adults with a lifetime diagnosis of depression,6.4,20.4,Percentage,11.7,50-64 years,,,POINT (144.793731 13.444304)
BRFSS~2020~2020~59~Q43~TOC11~AGE~RACE,2020,2020,US,"United States, DC & Territories",Overall Health,Arthritis among older adults,Percentage of older adults ever told they have arthritis,34.4,35.8,Percentage,35.1,50-64 years,,"White, non-Hispanic",
BRFSS~2021~2021~9002~Q21~TAC03~AGE~GENDER,2021,2021,MDW,Midwest,Smoking and Alcohol Use,Binge drinking within past 30 days,Percentage of older adults who reported binge drinking within the past 30 days,6.5,7.9,Percentage,7.2,65 years or older,Male,,
BRFSS~2020~2020~9002~Q03~TMC01~AGE~RACE,2020,2020,MDW,Midwest,Mental Health,Frequent mental distress,Percentage of older adults who are experiencing frequent mental distress,14.1,27.8,Percentage,20.1,50-64 years,,Native Am/Alaskan Native,
BRFSS~2021~2021~24~Q03~TMC01~AGE~GENDER,2021,2021,MD,Maryland,Mental Health,Frequent mental distress,Percentage of older adults who are experiencing frequent mental distress,10.1,12.4,Percentage,11.2,,Female,,POINT (-76.60926011099963 39.29058096400047)
BRFSS~2017~2017~29~Q43~TOC11~AGE~OVERALL,2017,2017,MO,Missouri,Overall Health,Arthritis among older adults,Percentage of older adults ever told they have arthritis,51.1,56.1,Percentage,53.6,65 years or older,,,POINT (-92.56630005299968 38.635790776000476)
BRFSS~2016~2016~66~Q34~TOC09~AGE~OVERALL,2016,2016,GU,Guam,Overall Health,Prevalence of sufficient sleep,Percentage of older adults getting sufficient sleep (>6 hours),41.1,51.9,Percentage,46.4,,,,POINT (144.793731 13.444304)
BRFSS~2020~2020~9001~Q03~TMC01~AGE~OVERALL,2020,2020,NRE,Northeast,Mental Health,Frequent mental distress,Percentage of older adults who are experiencing frequent mental distress,9.6,10.7,Percentage,10.2,,,,
BRFSS~2019~2019~39~Q43~TOC11~AGE~OVERALL,2019,2019,OH,Ohio,Overall Health,Arthritis among older adults,Percentage of older adults ever told they have arthritis,40.3,45,Percentage,42.6,50-64 years,,,POINT (-82.40426005599966 40.06021014100048)
BRFSS~2021~2021~39~Q08~TOC01~AGE~OVERALL,2021,2021,OH,Ohio,Overall Health,Physically unhealthy days (mean number of days),Physically unhealthy days (mean number of days in past month),4.6,5.2,Mean,4.9,,,,POINT (-82.40426005599966 40.06021014100048)
BRFSS~2020~2020~38~Q43~TOC11~AGE~OVERALL,2020,2020,ND,North Dakota,Overall Health,Arthritis among older adults,Percentage of older adults ever told they have arthritis,27.9,34.4,Percentage,31.1,50-64 years,,,POINT (-100.11842104899966 47.47531977900047)
BRFSS~2021~2021~02~Q27~TMC03~AGE~OVERALL,2021,2021,AK,Alaska,Mental Health,Lifetime diagnosis of depression,Percentage of older adults with a lifetime diagnosis of depression,14.8,20.5,Percentage,17.5,50-64 years,,,POINT (-147.72205903599973 64.84507995700051)
BRFSS~2017~2017~10~Q43~TOC11~AGE~RACE,2017,2017,DE,Delaware,Overall Health,Arthritis among older adults,Percentage of older adults ever told they have arthritis,30.3,38.5,Percentage,34.3,50-64 years,,"White, non-Hispanic",POINT (-75.57774116799965 39.008830667000495)
BRFSS~2021~2021~53~Q43~TOC11~AGE~GENDER,2021,2021,WA,Washington,Overall Health,Arthritis among older adults,Percentage of older adults ever told they have arthritis,54.7,59.9,Percentage,57.3,65 years or older,Female,,POINT (-120.47001078999972 47.52227862900048)
BRFSS~2018~2018~22~Q34~TOC09~AGE~GENDER,2018,2018,LA,Louisiana,Overall Health,Prevalence of sufficient sleep,Percentage of older adults getting sufficient sleep (>6 hours),64.2,70.3,Percentage,67.4,,Female,,POINT (-92.44568007099969 31.31266064400046)
BRFSS~2019~2019~04~Q43~TOC11~AGE~GENDER,2019,2019,AZ,Arizona,Overall Health,Arthritis among older adults,Percentage of older adults ever told they have arthritis,36.6,45.5,Percentage,41,50-64 years,Female,,POINT (-111.76381127699972 34.865970280000454)
BRFSS~2016~2016~10~Q27~TMC03~AGE~OVERALL,2016,2016,DE,Delaware,Mental Health,Lifetime diagnosis of depression,Percentage of older adults with a lifetime diagnosis of depression,11.5,15.8,Percentage,13.5,65 years or older,,,POINT (-75.57774116799965 39.008830667000495)
BRFSS~2015~2015~9001~Q03~TMC01~AGE~RACE,2015,2015,NRE,Northeast,Mental Health,Frequent mental distress,Percentage of older adults who are experiencing frequent mental distress,10.8,16.7,Percentage,13.5,50-64 years,,"Black, non-Hispanic",
BRFSS~2015~2015~34~Q43~TOC11~AGE~OVERALL,2015,2015,NJ,New Jersey,Overall Health,Arthritis among older adults,Percentage of older adults ever told they have arthritis,37,40.6,Percentage,38.8,,,,POINT (-74.27369128799967 40.13057004800049)
BRFSS~2015~2015~49~Q35~TOC03~AGE~OVERALL,2015,2015,UT,Utah,Overall Health,Recent activity limitations in past month,Mean number of days with activity limitations in the past month,4.8,5.7,Mean,5.2,,,,POINT (-111.58713063499971 39.360700171000474)
BRFSS~2019~2019~9004~Q14~TSC06~AGE~GENDER,2019,2019,WEST,West,Screenings and Vaccines,Cholesterol checked in past 5 years,Percentage of older adults who had a cholesterol screening within the past 5 years,96.7,97.9,Percentage,97.4,65 years or older,Female,,
BRFSS~2019~2019~9004~Q03~TMC01~AGE~RACE,2019,2019,WEST,West,Mental Health,Frequent mental distress,Percentage of older adults who are experiencing frequent mental distress,7,11.1,Percentage,8.8,65 years or older,,Hispanic,
BRFSS~2018~2018~9001~Q05~TOC06~AGE~OVERALL,2018,2018,NRE,Northeast,Overall Health,Fall with injury within last year,Percentage of older adults who have fallen and sustained an injury within last year,7.9,9.3,Percentage,8.6,50-64 years,,,
BRFSS~2017~2017~9001~Q03~TMC01~AGE~GENDER,2017,2017,NRE,Northeast,Mental Health,Frequent mental distress,Percentage of older adults who are experiencing frequent mental distress,13.1,15.5,Percentage,14.3,50-64 years,Female,,
BRFSS~2018~2018~9001~Q27~TMC03~AGE~RACE,2018,2018,NRE,Northeast,Mental Health,Lifetime diagnosis of depression,Percentage of older adults with a lifetime diagnosis of depression,15,16.4,Percentage,15.7,,,"White, non-Hispanic",
BRFSS~2017~2017~50~Q27~TMC03~AGE~OVERALL,2017,2017,VT,Vermont,Mental Health,Lifetime diagnosis of depression,Percentage of older adults with a lifetime diagnosis of depression,20.5,23.7,Percentage,22.1,,,,POINT (-72.51764079099962 43.62538123900049)
BRFSS~2016~2016~49~Q27~TMC03~AGE~GENDER,2016,2016,UT,Utah,Mental Health,Lifetime diagnosis of depression,Percentage of older adults with a lifetime diagnosis of depression,28.1,34.4,Percentage,31.2,50-64 years,Female,,POINT (-111.58713063499971 39.360700171000474)
BRFSS~2016~2016~9001~Q18~TSC08~AGE~OVERALL,2016,2016,NRE,Northeast,Screenings and Vaccines,Influenza vaccine within past year,Percentage of older adults who reported influenza vaccine within the past year,59.8,62.2,Percentage,61,65 years or older,,,
BRFSS~2015~2015~47~Q03~TMC01~AGE~OVERALL,2015,2015,TN,Tennessee,Mental Health,Frequent mental distress,Percentage of older adults who are experiencing frequent mental distress,14.4,19.2,Percentage,16.6,50-64 years,,,POINT (-85.77449091399967 35.68094058000048)
BRFSS~2018~2018~9001~Q08~TOC01~AGE~OVERALL,2018,2018,NRE,Northeast,Overall Health,Physically unhealthy days (mean number of days),Physically unhealthy days (mean number of days in past month),4.8,5.2,Mean,5,,,,
BRFSS~2015~2015~53~Q43~TOC11~AGE~GENDER,2015,2015,WA,Washington,Overall Health,Arthritis among older adults,Percentage of older adults ever told they have arthritis,35.4,39.1,Percentage,37.2,,Male,,POINT (-120.47001078999972 47.52227862900048)
BRFSS~2017~2017~48~Q03~TMC01~AGE~OVERALL,2017,2017,TX,Texas,Mental Health,Frequent mental distress,Percentage of older adults who are experiencing frequent mental distress,11.6,17.2,Percentage,14.2,50-64 years,,,POINT (-99.42677020599967 31.827240407000488)
BRFSS~2016~2016~50~Q34~TOC09~AGE~RACE,2016,2016,VT,Vermont,Overall Health,Prevalence of sufficient sleep,Percentage of older adults getting sufficient sleep (>6 hours),67.5,72.4,Percentage,70,50-64 years,,"White, non-Hispanic",POINT (-72.51764079099962 43.62538123900049)
BRFSS~2018~2018~54~Q27~TMC03~AGE~OVERALL,2018,2018,WV,West Virginia,Mental Health,Lifetime diagnosis of depression,Percentage of older adults with a lifetime diagnosis of depression,28.3,33.8,Percentage,31,50-64 years,,,POINT (-80.71264013499967 38.66551020200046)